,pHopt
Q2YPV0,7.188276290893555
A0A142LT01,6.790022850036621
Q9LCC6,7.868559837341309
Q4CN04,8.00409984588623
Q00XA5,7.260794639587402
Q5JJB9,7.834912300109863
O30245,7.953568935394287
Q16134,7.02165412902832
Q4E4E1,8.010982513427734
A3KCL7,7.9911346435546875
P34754,3.9264144897460938
Q4FME3,7.559109687805176
Q9UBK8,7.970526695251465
A0A140N3B4,7.570971965789795
A2Z7C4,6.924204349517822
Q45222,7.521670818328857
Q9LY23,7.384692668914795
Q9AJS0,6.4737443923950195
A0A177YY42,7.76555061340332
B8DZK4,7.2766265869140625
R4N4U2,6.410224437713623
Q2URT3,6.879195213317871
Q7DC81,7.470089435577393
S6B6P7,7.120605945587158
G3JWZ2,8.2302885055542
A0A1U7Z3Y9,6.275188446044922
Q8ZUN8,7.8689374923706055
A0A1X9ISP7,7.180310249328613
Q76FS0,7.5350213050842285
Q6UWR7,8.292192459106445
P55072,7.13182258605957
Q25C77,6.902255058288574
C6JUG1,7.496697902679443
P54166,7.855001926422119
Q3YAW3,7.678074359893799
G3XCJ9,7.507742404937744
B0V1K8,7.625583171844482
P70080,7.165104866027832
Q56839,7.7436370849609375
A0A067XRK9,5.3753581047058105
F6JRN6,7.6661834716796875
Q13574,7.131811141967773
Q9LBX4,7.464369297027588
Q9HZQ8,7.353384971618652
Q96HD9,7.462143898010254
Q95V75,7.642199516296387
H0FT96,7.675305366516113
Q82P90,5.165714740753174
Q97V23,7.440674304962158
P80193,7.024715423583984
G2Q665,3.8815574645996094
Q006P9,7.014865398406982
C5BN23,7.559947967529297
O22141,7.423948287963867
B1NLD3,7.205645561218262
Q96Z02,7.949169635772705
P00336,7.935886859893799
Q8H1D8,6.932966232299805
F1QCV2,7.586840629577637
A6P663,7.104548454284668
Q51508,8.155664443969727
A6YGF1,5.93393611907959
P97325,6.8199238777160645
Q6S3E3,6.439041614532471
Q08891,7.420956611633301
O07177,6.989034175872803
A0A0C6EUC4,6.872827053070068
B2YGX9,6.231438636779785
B5IEU6,5.148740768432617
P12293,7.4755401611328125
K9Y6Y9,7.18524169921875
C4PKK9,4.099847316741943
Q9W3Z3,8.351268768310547
Q8P3J4,6.4655914306640625
P70390,6.841488838195801
Q9X0G9,7.486146926879883
P38137,7.8817138671875
Q9SZ92,7.951618671417236
Q5LW89,7.4003214836120605
Q8CI15,7.260748863220215
B5SU85,7.844897270202637
Q941T9,7.6826677322387695
I3QNS8,5.903197288513184
A0A0B5GQL6,6.238341331481934
A4Q8H0,6.492127418518066
P16243,6.76214599609375
P07864,7.827326774597168
I3EBM6,7.799831390380859
P69478,6.584041595458984
A0A168GPR3,7.22822380065918
Q6YNE9,4.346541881561279
P33665,6.6989054679870605
O59650,7.911966323852539
Q8NEB5,6.823997497558594
Q6GHH5,7.509398937225342
Q75NT4,8.624746322631836
Q70XJ9,6.603431701660156
A0R043,6.84157657623291
P0AF18,7.934564590454102
Q9CA40,8.09872817993164
Q581U6,7.522820472717285
P0AE01,6.792848587036133
Q8RSQ2,7.377410888671875
A7RDD3,4.904287338256836
O14939,7.20407772064209
D3GDK4,5.34605598449707
Q5SIC2,6.979043960571289
Q5SL04,8.357749938964844
A0A2Y0HLE8,6.7404279708862305
E3TBJ3,6.2105913162231445
Q75WV3,7.65182638168335
P16662,7.393445014953613
Q0CFW4,3.584045886993408
A0A0H3U0Y7,6.025243759155273
Q08GL0,6.572748184204102
Q53I75,6.479968070983887
P20582,7.6692094802856445
C4TJD2,8.908341407775879
P43510,4.296755790710449
Q9LAG2,8.430261611938477
A0A291LTQ0,7.148066520690918
Q58653,8.049932479858398
A4F2S6,7.045385360717773
Q9FFW8,7.626591682434082
P74576,7.875354766845703
Q883P5,6.605581283569336
P97364,7.635751724243164
G5DAC7,5.806346893310547
B2KJ46,7.606117248535156
E7FHX4,7.4889235496521
Q6NQI8,7.320450305938721
Q51739,9.302606582641602
O29852,7.947519779205322
Q5SIM4,6.877983570098877
Q9HY13,7.957442283630371
P53909,7.220097541809082
Q9HU72,7.533906936645508
Q7YT16,5.374831676483154
P73133,9.309857368469238
Q94IE9,7.681178569793701
P06512,7.065197944641113
P00750,7.725397109985352
P16497,7.677994728088379
P68187,7.402012825012207
I3QHK7,7.859796524047852
Q4J9K9,7.277155876159668
Q80WS1,7.773432731628418
A0A0M3KL46,6.911818504333496
Q3YJM9,8.983993530273438
C9K501,6.275376796722412
A0A2Z5VGN0,7.111356735229492
Q9XI62,6.776796340942383
P48318,7.334320068359375
B0VH76,7.741903781890869
O25743,8.935859680175781
Q2VA41,7.482985496520996
B9LW38,6.694704055786133
Q5FT75,8.457304954528809
Q8H979,3.591677188873291
Q8RHX7,7.2852253913879395
Q8VPF2,7.582981109619141
A0A142G555,5.8026885986328125
D8IS59,7.749271869659424
P50250,7.642824172973633
B1MCE2,7.328449249267578
P18548,7.358960151672363
Q9YI16,9.3672456741333
U6BYK3,7.822689533233643
Q9WZR6,7.189271926879883
C8WGQ3,9.254748344421387
A0R6D9,7.242312431335449
A5U6Y7,7.820089340209961
Q6E7F1,7.602288246154785
T1WUT6,8.026837348937988
Q11205,6.533810615539551
A0A3S7PMB5,8.735069274902344
Q3M5Z3,7.747509002685547
Q5BCF8,5.890772342681885
A0A0H2ZQ64,4.367221355438232
P0ABR9,7.808635234832764
B3VPB3,3.873568534851074
A0A060IGN1,7.587120056152344
Q9I234,7.52980899810791
A0A482EWM9,7.671795845031738
Q304Q5,7.692854404449463
Q5SK28,8.492592811584473
Q9AT27,4.401636600494385
C0C0X3,7.581397533416748
H7CE71,7.620068550109863
Q8H133,8.042895317077637
Q96YK1,8.355548858642578
P50293,7.079682350158691
Q9VIP7,6.9741010665893555
Q9JHG1,6.733454704284668
A0A160PRJ4,7.6271820068359375
A0A2Z6IAJ2,7.445646286010742
Q84HQ2,6.8564982414245605
P25323,7.16651725769043
U5D896,7.539863109588623
A0A1W1WDM4,7.212735652923584
F8WSQ3,8.35422420501709
P35511,7.870905876159668
P06611,7.0476579666137695
A0A0H2UNY1,7.687836647033691
O57878,8.018444061279297
Q869N2,8.015149116516113
M9NE76,7.387435436248779
Q868H8,7.371222496032715
P9WQA3,8.008779525756836
Q8FZW3,5.6888227462768555
Q5UNS1,8.47810173034668
W5ZSQ6,8.703167915344238
Q9V0Q0,8.027376174926758
Q5SKG3,7.420534610748291
P09467,7.8624587059021
Q81X74,8.271625518798828
Q1XAT7,7.908425331115723
Q3ZBH0,7.609622001647949
Q9WWW6,7.01962947845459
U3TH11,7.716645240783691
D4GYE0,8.442398071289062
Q9RF52,9.21127986907959
Q9M1W4,6.915318965911865
A3DJL8,7.090897083282471
P20142,2.6334259510040283
K4LMW2,7.676241874694824
A0R211,7.852571964263916
O23801,5.584796905517578
F5Z5S7,8.276233673095703
Q5W9U0,5.168275833129883
Q9ZWQ9,6.789572238922119
Q56316,8.334894180297852
Q15382,7.407588958740234
A0A0H3JPH0,8.088534355163574
A3DD67,5.960867881774902
Q96XT2,8.044846534729004
Q980K6,7.905421257019043
Q7YT63,7.588545799255371
A4IPX2,8.204296112060547
R9VY83,7.407137870788574
D4QF15,7.66179895401001
Q6F4D7,7.67418098449707
Q8IIB7,8.208078384399414
Q64285,7.31907844543457
Q5JFM9,7.210439682006836
Q9XT99,8.113466262817383
A0A0H2UQY4,8.491134643554688
Q5NII9,7.616690635681152
Q7S3U4,7.2938642501831055
Q8U0Q0,7.220832824707031
Q9Y119,7.647156715393066
Q8RB32,7.300987720489502
Q7YRG5,6.996313571929932
O05268,7.1629533767700195
H9C9P0,7.780431747436523
Q86ZV0,8.295056343078613
Q9UKR0,7.749875068664551
P74334,8.089620590209961
I1TIJ2,5.721773624420166
Q9RBS3,8.061301231384277
A0A1S6LQU3,7.684226036071777
A9QVV8,6.920500755310059
B2KPR3,7.790604114532471
P19113,7.395043849945068
O86428,7.842108726501465
Q58761,7.461921215057373
Q2WGB4,6.675788402557373
Q50EK3,7.533397197723389
A0A023MIF8,6.263086318969727
T1SP91,3.063416004180908
P61615,6.840100288391113
Q84F26,7.900271415710449
P53759,7.72177791595459
A0FIP8,8.405059814453125
Q0GE18,5.038752555847168
Q2G8F3,7.365749359130859
Q8BGL3,8.167322158813477
A0A0N9LQI1,4.110526084899902
Q9HQQ9,9.361024856567383
Q8GR90,7.6063666343688965
O74634,7.722870826721191
U5NDT8,7.662010192871094
E0D7I2,6.683794021606445
Q89VT8,7.92204475402832
H9BZ70,4.178426265716553
Q02890,7.7496113777160645
G9JKF3,7.894759654998779
C4KKZ9,8.243912696838379
Q8WNR3,6.579991340637207
Q539C0,6.3072123527526855
O59089,7.848677635192871
Q5EG61,7.355225563049316
Q12051,7.205329418182373
G2IKV5,8.192007064819336
Q6BCL7,5.6946587562561035
B6ZCD8,8.93490219116211
A0A2K3E3Z9,7.635531902313232
F4JKB6,6.948734283447266
P36667,7.192620277404785
A0A125SUY5,7.47706413269043
P11569,7.493423938751221
P83218,6.790051460266113
Q9FXY7,7.597971439361572
B7JBP8,7.840005397796631
A5LHX0,6.3777265548706055
P81428,7.935745716094971
Q4KGW9,7.037145614624023
Q9LFU9,7.6799235343933105
C0SJS3,7.531237602233887
A1C3J9,7.107009410858154
P27305,7.555469036102295
Q91V26,7.333165645599365
D3Y5L6,8.00230884552002
Q7B8C5,6.409866809844971
Q8U3L0,6.927915573120117
A0A4D6BS73,6.07564640045166
P49459,7.45228910446167
A8WBX8,7.027513027191162
P63086,7.380955219268799
Q9FHA4,6.840475082397461
G9D322,8.26677131652832
Q5LS56,6.91232442855835
Q9SPP9,6.738804817199707
P32359,6.285804748535156
D0QYM5,7.1144609451293945
Q13557,7.964677810668945
Q6PLI2,7.910127639770508
Q4AE75,5.8965044021606445
Q86UY6,8.01601791381836
Q41510,7.852628707885742
Q9BRR6,6.618894100189209
K4Q1U9,7.734835624694824
Q6XMH7,7.543020725250244
Q9NR20,7.769330024719238
P03956,7.8427839279174805
P54495,7.954558849334717
Q90W31,7.265073299407959
Q9TW03,6.870171070098877
H1ZV38,7.480513572692871
Q9UHI8,7.497170448303223
P0AFI0,7.686984539031982
A0QX60,7.726888656616211
D3JV03,7.06328821182251
P72579,8.062623977661133
Q04179,7.804515838623047
Q6XMT1,6.789462089538574
D2QDA5,7.2279815673828125
Q97VS7,3.7682032585144043
P16692,8.033175468444824
A0A411PNH6,7.43093729019165
Q4CQE2,7.680946350097656
P10860,7.341677665710449
A0A088T0J9,3.5571203231811523
E0X988,6.172776222229004
O82549,6.0840888023376465
Q8RHM6,7.567726135253906
A9BPK4,7.587337017059326
F9VPH0,5.887774467468262
A0A075Q354,6.698259353637695
H9CWQ0,5.192391395568848
P53449,7.4374098777771
D6MZJ6,8.04380989074707
Q1J0W0,7.652093887329102
I3WTS0,7.880448818206787
Q9VSL5,7.828029632568359
P19157,7.582119941711426
P00352,8.652484893798828
P13988,7.731966972351074
Q59119,7.9117937088012695
Q12535,6.20343017578125
P00729,5.498078346252441
C9WCQ1,5.813837051391602
Q94C06,3.9370694160461426
B9VTP5,7.615386009216309
Q6DNI8,7.661999702453613
F1CYZ5,7.756435871124268
Q06HA3,6.043404579162598
C7AQY2,5.248744964599609
P9WIQ1,6.922749996185303
Q9Z4N5,5.318411350250244
Q9XCW3,7.304586410522461
P17988,8.071084022521973
Q07010,7.183188438415527
P31941,7.170651435852051
Q9QYT7,7.236297130584717
W8QMJ2,7.960329532623291
A3QSS7,7.481893062591553
Q8YG38,7.090146541595459
Q7JNQ9,5.4195685386657715
Q7Y0K5,8.160299301147461
Q970N3,7.169699668884277
A0A4D6BQ82,6.3299102783203125
I0AZ41,5.8140106201171875
A0A0H2ZNP2,8.333125114440918
Q8X176,5.114738464355469
V9PD44,5.928123474121094
B9X0I2,4.534393787384033
O08709,7.225710868835449
O54161,5.149559497833252
A0A140N5X9,8.77077865600586
Q8A711,7.65192985534668
P0A746,8.470481872558594
Q58085,7.759483337402344
I1W007,6.759577751159668
Q93107,7.761242866516113
D6EQU8,5.773351192474365
P16930,6.989439964294434
P94552,5.267678260803223
Q86AD9,8.60357666015625
D5GRP3,6.6226654052734375
M9VU49,7.357662200927734
Q8TZW1,8.531392097473145
B4XC07,5.783937454223633
P36419,7.376458168029785
D4GWT7,7.840449333190918
Q9UWY6,7.391387939453125
Q5JHY2,7.814842700958252
E0SDR9,8.144819259643555
Q9K498,7.296518325805664
Q8NLB6,7.690042495727539
Q03Z32,9.156455993652344
L7Y2Z6,6.802834510803223
Q9UV68,4.666982650756836
Q93HX6,7.374134540557861
C1KGU6,7.515964031219482
C0HK05,7.690020561218262
P9WQB5,7.864020347595215
K9UV87,7.76911735534668
Q05509,7.855365753173828
P0A9M0,8.48302936553955
B2BBY6,9.11062240600586
B1P195,5.595958709716797
D2D3B2,7.770742416381836
Q9F0Q6,6.722464561462402
Q09735,7.712459564208984
Q8L208,7.783005237579346
P0ABQ4,6.816446781158447
A0A1C7AAM8,7.823408126831055
Q92MM4,7.712110996246338
Q45NB5,7.40216588973999
Q46948,6.803955554962158
Q5H7P5,5.487475395202637
D8QTR2,6.781299591064453
Q9LKJ1,7.488285541534424
M9PLY0,4.724761009216309
P00518,7.4254231452941895
Q9H832,7.432242393493652
Q9KJG6,8.797015190124512
P53965,6.460732460021973
Q9URQ3,7.371670722961426
Q5D8X4,7.193558216094971
Q9UJA2,7.58864164352417
A4LA85,7.568216323852539
Q9KZP3,7.681778907775879
O15111,7.694047927856445
Q94KE3,7.065417766571045
Q7PCC4,5.055447578430176
Q58HF4,5.2390947341918945
P27356,6.962335586547852
P39077,7.765963554382324
A0A1R7T3A4,7.690256118774414
P23103,7.7547712326049805
Q67Y55,7.829155445098877
Q80ZG2,7.805183410644531
Q0R3W5,6.100598335266113
H8F9Y0,6.941041946411133
P46395,9.644255638122559
P72587,7.618862152099609
Q9NVH6,6.779933929443359
A9ZPJ6,7.475284099578857
Q8L7K9,6.538638114929199
Q8GSN1,7.246207237243652
B9VU66,8.13161849975586
A0A076N8Z0,6.959238529205322
Q1XBU5,7.367690086364746
A1A5H8,7.164444923400879
A8C781,7.203229904174805
M9VUE0,7.789151191711426
P30431,7.749344348907471
P24481,8.094106674194336
I3PML9,4.6610565185546875
P78356,8.162826538085938
Q93AL9,7.333468437194824
O54857,6.524229049682617
Q9AJM0,7.697206020355225
H9BIH8,7.3122758865356445
A0A127F6U7,7.411658763885498
P18394,6.868349075317383
Q67ZJ4,7.853504180908203
P34210,7.040088653564453
O02623,7.641848564147949
Q88AH6,7.521126747131348
P11928,7.470935821533203
Q97YI7,7.047818660736084
Q8RMD1,6.912627220153809
M4I787,8.838045120239258
P47897,7.689305305480957
Q9Y5Y6,7.733603000640869
Q80A58,6.428554534912109
G4U3G8,6.830946922302246
Q8VWN6,6.752119541168213
A0A158RFS7,7.760456085205078
D5L1S4,7.441123962402344
A0EJ12,7.042247295379639
E4QP00,7.616726398468018
D8L2Y2,7.766805648803711
Q9Y749,8.909549713134766
Q12629,6.311411380767822
Q5W503,6.854671001434326
P25774,5.343735218048096
O60235,8.462441444396973
A8C927,7.723846912384033
E3SVR9,7.87544059753418
P55135,7.918260097503662
Q8GMY0,6.921273231506348
D0EPY0,8.093530654907227
C7FF05,6.804353713989258
P00374,6.9119873046875
P08253,7.504253387451172
Q8RAK6,9.6220703125
P06622,7.279942989349365
Q9FPF0,7.242480278015137
Q96551,8.035758018493652
O43252,7.6238694190979
Q8REE6,7.883392333984375
O00089,4.112058639526367
Q5V5N6,8.549076080322266
C7B608,7.161016464233398
A9KT32,6.226544380187988
Q9AR04,7.5392279624938965
Q10468,6.419491767883301
Q9I0K4,7.172022342681885
B1VZT1,7.446596145629883
A0A088BHP3,7.415065765380859
B1VBB0,4.817055702209473
Q9H3R1,6.798422336578369
Q9WZ19,7.969335079193115
A0A0K2S4R5,6.888469696044922
O34425,8.18612289428711
C5MR71,7.497220993041992
P11964,8.439170837402344
B3XZQ2,6.641556739807129
A0A0S1NK17,8.294214248657227
Q6E0B2,7.497433185577393
Q88S87,7.405200958251953
O26004,7.961055755615234
Q8K469,7.4384284019470215
Q7WVA6,9.023538589477539
Q12383,8.371006965637207
M1R338,7.512814521789551
A0A024FS29,4.867424488067627
D1JH91,7.613314628601074
P54751,6.606784820556641
Q99497,7.305827617645264
A0A059ZV61,7.070569038391113
E3VXL5,7.689331531524658
Q9JJS6,7.442450523376465
O00469,6.101215362548828
I3DX19,8.640810012817383
Q3IG38,8.52713680267334
O54051,7.549715042114258
Q13057,7.405440807342529
A0PM49,7.187627792358398
O48944,7.056702136993408
G3LUK8,7.640057563781738
P40817,7.860976219177246
O52185,7.704504013061523
Q0CDD9,5.845608234405518
Q55020,5.872579097747803
P83788,8.19635009765625
B9ZZZ6,8.288451194763184
P18266,7.33085298538208
Q7Z4W1,7.763401508331299
Q08649,7.664403915405273
O58802,8.770007133483887
A0A1B1NX89,6.6667351722717285
Q8GTJ2,7.084962844848633
P09147,8.54713249206543
G0HQ35,7.51225471496582
A0A0A1DZ36,7.607373237609863
Q5DRK1,6.946514129638672
D5WTR8,7.4572553634643555
D7RJ66,10.860148429870605
C7F8M0,7.482192039489746
D5JWB3,6.894068717956543
O30438,7.341219902038574
B5MGF8,7.140873908996582
C7NVN0,6.825218200683594
Q8CHM7,7.397655487060547
D9IL10,7.961967468261719
C3PTS8,7.35435152053833
Q9NWW6,7.300616264343262
Q68KL3,6.236289978027344
A3MV85,7.281871795654297
Q9SS45,7.933933258056641
E7FI44,7.192428112030029
Q58980,7.18101692199707
O34788,8.347331047058105
P95748,7.257601737976074
O55123,7.3163628578186035
A0A075EDT8,5.427314758300781
B9VSZ3,8.359952926635742
A0A145YEM9,9.45688533782959
P09107,6.03968620300293
P00800,8.267435073852539
P43341,7.343159198760986
P09237,7.5017781257629395
Q8U0N7,7.932252407073975
F9W8I6,6.633303165435791
A2GH85,6.936634063720703
O54050,7.093923091888428
A8D2K7,7.581270694732666
P11444,6.974609375
P23293,6.918502330780029
Q4QC75,7.173161506652832
Q16774,8.083019256591797
P22320,7.425479888916016
Q7TNT2,7.479710102081299
O27726,7.262702465057373
E2QJB8,8.548528671264648
Q9LZJ3,6.8292036056518555
P14384,6.988887786865234
A4YDR9,7.854288101196289
A0A1E1GL61,5.467768669128418
F4NCC2,8.07032299041748
D0VP31,9.815040588378906
Q8GTM3,8.313536643981934
Q53EJ1,8.539779663085938
I3RJK8,6.713968276977539
P95231,7.517784118652344
Q03520,7.772250175476074
Q5H7M8,4.627042293548584
B9VXW6,8.037315368652344
Q9ZVL6,6.516441345214844
Q84HF5,8.069223403930664
A0A142UTH4,7.020346164703369
E4W4G9,4.607288837432861
A6YJX1,5.498940944671631
P17118,3.1871063709259033
Q9NDH8,7.320754528045654
Q7UXY8,7.6553263664245605
Q3LS76,5.044057369232178
Q6QHI7,8.444805145263672
Q9EV86,8.43963623046875
C6FX34,8.092489242553711
Q1GZD1,7.791619300842285
Q88B90,7.4600911140441895
Q9APM5,8.23245620727539
G5D7B5,2.1744067668914795
A0A2Y9CJ10,7.211021423339844
F2X5L9,8.272468566894531
Q7UDT4,7.929364204406738
Q06069,7.520057678222656
A7LBQ5,7.708022117614746
A0A384ZRB9,9.01426887512207
A9YDD9,7.122693061828613
C4LUW9,6.597164630889893
Q83WC3,7.313573837280273
K7T9D9,4.7432355880737305
P15316,7.155881404876709
O29588,7.012895584106445
Q9C8Y9,6.009486198425293
C4LWC7,7.729140281677246
E5FGC5,6.132981777191162
B7XBZ9,7.559607028961182
B6D7P1,7.200376510620117
P25576,7.470147132873535
Q8WZD7,4.91019344329834
O24721,7.166099548339844
Q57849,7.37877082824707
A0A1S6WME7,7.720537185668945
Q9UQM7,8.263179779052734
D4GP33,8.343351364135742
D4Q9Z5,6.948801040649414
Q8RJQ9,8.553226470947266
B2NID7,6.736567497253418
F2YCN5,7.737565994262695
Q84H88,7.962104797363281
Q5JD38,7.528724670410156
Q831B2,6.45348596572876
Q8J0K8,5.612464904785156
Q973H4,7.080636024475098
P52888,7.326150894165039
A0A0A7H6F4,6.953112602233887
Q6T1F6,7.499144077301025
P25891,7.560604095458984
Q6PMI1,6.893320560455322
Q2HNY9,8.014453887939453
P78417,8.074241638183594
I3ZTQ5,7.090723037719727
P29729,7.3393659591674805
Q8TZJ1,8.062902450561523
P56073,7.33151912689209
P10442,9.766757011413574
B0B0H7,8.163755416870117
Q9GV46,5.407883167266846
Q9F918,8.062044143676758
Q949J1,8.609804153442383
Q46A52,7.9370808601379395
C5J3R6,7.192498207092285
Q8AAK9,5.5776495933532715
B3EWG9,5.661653518676758
H9JSH4,8.72480583190918
B3VPB2,3.9655280113220215
G4I5P8,8.881342887878418
A6XP72,7.13549280166626
Q04828,7.9963603019714355
P81054,6.77713680267334
Q9REV4,8.17530345916748
H8WG11,5.436194896697998
Q988H5,8.145740509033203
Q8KT80,7.761176586151123
Q8IEG9,7.235208511352539
Q9SV43,8.360099792480469
Q2FUB2,7.416928291320801
Q52032,8.123456954956055
D5LIR7,7.599632263183594
A0A0G4JRN2,6.47987174987793
Q02759,8.058317184448242
A0A1R1AUM9,7.39516544342041
Q980A5,7.4854583740234375
C7EDT0,6.892180442810059
O28025,7.501552104949951
P94523,7.506259441375732
P16068,7.296916484832764
Q9LCQ7,8.257683753967285
Q1XIQ9,7.9573163986206055
A0A1B3TNR9,7.570859909057617
Q9XB60,7.296031951904297
C4TP07,7.338593482971191
P0DI77,7.383757591247559
Q2V0W1,6.472607135772705
Q9YA34,7.865104675292969
L0D9B6,8.341642379760742
A0A1Y9TFD9,7.652254104614258
P77215,7.48813009262085
Q76M73,7.996363639831543
P22318,7.71497106552124
A5A699,6.140917778015137
L0BXX7,7.95206880569458
Q4AEG8,4.131328582763672
P06197,7.677608966827393
Q9L9Q2,7.110798358917236
Q3V6C9,5.887397766113281
Q947C4,7.251368522644043
C9E9M9,3.9546902179718018
P77847,5.87596321105957
A0A024RXP8,3.7811098098754883
A0A3T0YV60,7.700644493103027
P43478,7.813665390014648
Q00IB3,7.944393157958984
Q5CD72,8.083352088928223
A0A1V0ELS9,6.952190399169922
F7Y223,7.488761901855469
A0A1C9EFW4,4.331254959106445
A0S5Z5,7.824743270874023
A0A0H3HE78,7.368589401245117
A0A0A0WA73,7.273879051208496
A0A1S6LQW6,7.9355549812316895
E7CYQ0,7.107132911682129
P57681,7.1193108558654785
P0CW58,7.3532257080078125
O81852,8.272197723388672
O49235,7.845146656036377
S5M3K7,7.0676727294921875
Q8ZKE6,8.01710319519043
A7UHH1,7.86184024810791
Q58923,7.598647117614746
A5U4N0,6.854662895202637
P94127,7.401476860046387
Q8U1H5,5.555522918701172
Q96DG6,7.8728251457214355
Q1W622,11.471549987792969
O31616,7.933578014373779
P32752,7.775872230529785
A0A0C5CE51,6.050620079040527
Q6QDP1,7.536131858825684
A0A0F7N1T1,6.199631690979004
A0A109P1X1,7.409339427947998
P10478,7.885815143585205
A0A1Q2U2F1,6.180288791656494
P55329,4.533622741699219
P9WFF7,7.569833755493164
Q84JH5,7.588206768035889
Q10469,6.58536434173584
D4GS48,8.523087501525879
Q02108,7.214223384857178
Q18AQ6,7.328583717346191
Q8H2B4,7.275001525878906
Q48154,8.127852439880371
P63359,7.345728874206543
P22352,8.207781791687012
Q9Y7D1,7.780350685119629
E8T502,7.804835319519043
Q6VCW3,7.477974891662598
A0A024JUE5,7.641068935394287
L0N807,7.675002098083496
P17811,7.090160369873047
D4GST8,8.508970260620117
E7FHY4,6.557400703430176
Q8NT48,7.487337112426758
Q7X9B3,6.888731956481934
U5YTM6,6.869736671447754
Q9KWY4,9.786124229431152
Q57751,7.621466636657715
O29428,7.774497985839844
Q2KTH1,9.134462356567383
P21130,6.6011223793029785
Q8L7R2,7.576061725616455
Q8W4T9,7.593465805053711
O08841,7.3874053955078125
Q932V0,9.060977935791016
A9LIN4,7.01605224609375
Q59931,7.945223808288574
Q8X1D1,5.71143913269043
Q9WYD1,7.874229907989502
Q3HW35,7.991615295410156
V5QZ74,7.179129600524902
P56216,7.973498821258545
D0QF43,6.065524101257324
Q9ZQ94,7.405886173248291
Q7S3R5,4.112575054168701
Q0GU43,7.717543601989746
C4TJD4,8.469776153564453
Q4LEU0,7.910436630249023
A2V7M5,7.299386024475098
W5RWH8,7.4421234130859375
A0A7G4NVP2,8.193155288696289
P21890,7.36600923538208
C3VMY4,5.257505416870117
Q8RDL1,5.8748087882995605
A0A0H3JER5,7.618881702423096
Q9XBQ8,7.55653715133667
P43133,8.278623580932617
Q3KN75,7.213618278503418
I6Y4D2,7.923584461212158
Q72JC9,7.733702659606934
G0T3B3,7.681834697723389
J9XGP8,8.925840377807617
A0A0U4MRI4,8.237597465515137
Q8DVS2,6.969532012939453
A7DWA8,6.624744892120361
Q8C2W3,7.54597806930542
Q7X0P2,7.084132194519043
Q9X024,7.4503607749938965
Q65EY9,7.687887668609619
Q706F9,6.053638458251953
Q7XAU6,5.735547065734863
A8D930,7.297145843505859
P12047,8.280641555786133
Q9YGB5,7.097923278808594
Q0E4W0,7.509086608886719
Q50LH1,7.770267963409424
B3EY95,7.864955902099609
G3YE52,7.0373358726501465
Q97U29,7.417223930358887
Q6L2X5,5.814345359802246
Q5NTH0,7.225687503814697
Q9X1S1,7.524021148681641
B8ZV93,8.11450481414795
Q195N6,6.8492431640625
Q8MZS4,4.1036553382873535
D8VDY4,6.451715469360352
G2QH47,6.432402610778809
A8FAG9,5.441546440124512
D0KN27,7.189061164855957
F6IXY6,7.6232194900512695
C6Y0D8,6.605276584625244
Q6ZXC0,7.558871269226074
Q7WTR6,5.877251148223877
A4I2Z3,7.477226257324219
Q2YIQ6,7.539953708648682
P9WM67,7.091955661773682
Q97U30,8.002492904663086
Q46920,7.599969863891602
P66032,7.523801326751709
Q9HKS9,7.520305156707764
Q8EJM6,7.7535624504089355
H2VFG5,7.431453227996826
P36205,7.295374870300293
Q9SJQ0,7.090446472167969
Q6ZMB0,6.603264808654785
Q59185,8.721000671386719
Q7WYV4,7.465401649475098
Q9C4M3,7.061337471008301
P33677,6.913904190063477
Q9ZAE9,7.70466423034668
Q9I676,8.966936111450195
A0A1D8GRD5,7.129487037658691
Q84FL5,8.30159854888916
B0SN40,7.865874290466309
Q46893,8.180841445922852
Q9HHB0,5.857319355010986
P37794,8.24915885925293
Q93X60,5.0049729347229
A0A0H2ZQZ4,8.182491302490234
O04385,7.51254415512085
P39464,7.359347820281982
Q8KSC8,7.618563652038574
E5RQ20,8.758055686950684
A5H0J6,7.993649482727051
A6ZKY2,7.773252010345459
P68403,7.156098365783691
P37136,7.311782360076904
B6SBM1,7.441956520080566
Q9Y5R4,7.693680286407471
Q8IBI4,6.913763046264648
Q9SRT9,6.457122325897217
Q83XK5,6.34569787979126
P13956,8.229565620422363
A0A3T0YV67,6.820674896240234
B5DFD5,7.192434310913086
F7J663,7.181599140167236
A0A345K402,6.026442527770996
Q72L69,7.828855514526367
Q9VZW0,7.500572681427002
A1XBT9,6.702790260314941
O83023,7.054542541503906
C7ASJ5,6.902461051940918
Q53766,5.450380802154541
Q2PWU9,7.932288646697998
P23316,7.2450971603393555
Q8KBL0,7.575876712799072
O95453,7.157083034515381
A0A085HKM4,7.668478012084961
W8SKF6,7.295404434204102
P47058,7.202197551727295
O23240,7.655064105987549
P28826,7.262901306152344
Q95JH4,7.790842533111572
Q08388,7.58679723739624
Q07510,7.095799446105957
P42220,7.310452461242676
B1Q002,6.145013809204102
Q9TTF5,7.17712926864624
Q8CWX6,6.807045936584473
Q8GME2,7.949122428894043
Q0PQY8,4.0233001708984375
A8R0Y0,6.136455535888672
P63146,7.529415130615234
C6JUF6,7.527773857116699
O16843,7.546502113342285
Q3IL66,8.099327087402344
Q597B8,7.339838981628418
Q9RMM4,7.04812479019165
A0A0C7DVW3,7.176480293273926
E7FHY8,5.653541564941406
Q58439,6.981987476348877
Q13496,7.010854721069336
A0A0K0M737,5.787342548370361
B3TZD8,7.3043951988220215
F6KRI7,7.7526092529296875
P73833,7.926795959472656
P22735,7.332520484924316
Q875I9,5.611469745635986
Q0P9D3,7.908064842224121
Q9KQJ0,7.579577445983887
Q9FPN3,7.758374214172363
C7EXL6,6.758521556854248
Q9ZQC6,7.27774715423584
Q4J6M3,7.542473316192627
Q9S434,8.006528854370117
Q93M81,7.543752670288086
P9WP79,6.827269077301025
C7GM47,7.321305274963379
Q5JNT6,7.375751972198486
Q56232,7.997767448425293
Q8NK02,3.9551942348480225
Q8K2C8,6.972526550292969
Q8NF37,6.758651256561279
Q2UII1,5.575131416320801
C4M4T4,7.482870101928711
Q8W000,6.9838480949401855
Q7SCE9,5.4006829261779785
B0BNM1,7.185179710388184
Q24JJ8,7.348021507263184
Q8KBP5,7.740482807159424
P80561,7.032196998596191
A7U0E5,7.575197219848633
P94494,9.615623474121094
H9N839,7.391369342803955
O48945,7.07658576965332
Q7MAW0,7.565982818603516
A0A1E7YQH3,7.663665771484375
D0UHB3,6.838775157928467
Q304Q4,7.5241804122924805
Q9UNP4,6.6229658126831055
I3W8N1,5.716063499450684
C3W4Q7,7.999945640563965
P21643,8.062393188476562
Q65MY7,8.538707733154297
Q8R3B1,6.827726364135742
B2BSJ7,6.97218132019043
Q93TJ5,8.057445526123047
Q96EK6,7.590867042541504
Q9C3Z9,5.584853649139404
C5NU54,7.801024436950684
Q8GZD8,7.7151336669921875
O47881,8.015993118286133
A0A098B5G4,8.475259780883789
Q8NCG7,7.161503314971924
P06721,8.141389846801758
B4XEK5,7.390070915222168
Q12640,7.74679708480835
Q6R4Q9,8.047515869140625
Q5JBG6,7.0131940841674805
Q5SJC3,7.190505027770996
Q9SE50,6.449755668640137
O93647,6.698549747467041
Q108P1,7.314535617828369
Q57501,7.767270088195801
Q8IXK2,6.451268672943115
L0N6Q8,5.107151985168457
J9QYL0,7.300009727478027
Q8J259,6.886225700378418
H2IFE7,8.301858901977539
B1HP60,7.507166862487793
O59828,9.20394515991211
P39476,7.0926642417907715
A0A0K1E2F9,7.187301158905029
P00736,6.85352087020874
O75795,7.260242462158203
A0A0S2VC96,8.760604858398438
A0A1Q2SVY7,7.345081329345703
P51852,6.608930587768555
Q9RP48,3.6290957927703857
Q96YR7,7.648095607757568
Q5Y152,7.941944122314453
P16116,7.174343109130859
B1NF19,7.51030158996582
Q59632,8.078668594360352
A0A0K8P6T7,8.12253189086914
M1R367,4.5325164794921875
Q8MJ30,7.3511962890625
Q9SLA0,5.87559175491333
Q87EL2,7.935849666595459
O08796,7.267203330993652
A0A4P8XUU6,7.389246940612793
O00085,3.928297996520996
Q9AEP4,7.518144607543945
P48643,7.859447956085205
Q9WZP2,7.059454441070557
C9WPK1,7.17588472366333
O67644,8.109994888305664
Q5B5D5,5.657796859741211
D2T083,8.146471977233887
C1LT16,7.808206558227539
S6CFJ1,8.777802467346191
E2GDF4,3.305041790008545
A0A0P0DIY6,7.715092658996582
Q96EY8,8.190367698669434
Q58499,7.142436981201172
H9ZGD1,7.182026386260986
P54493,6.972003936767578
G4XUJ7,7.334044456481934
Q4JC35,7.44760799407959
Q96G23,7.216800689697266
A0A0H5BR52,5.543991565704346
Q8TFE5,4.465970993041992
Q9Z2D1,7.15973424911499
Q5A6L6,6.925262451171875
P52917,7.302277565002441
Q9HA64,7.764695167541504
Q5BLZ6,6.332040786743164
O95363,8.164017677307129
Q82IZ1,7.213750839233398
A1RX09,6.928586959838867
Q9NYA1,7.293327331542969
Q709M0,7.503641128540039
B3VTK1,8.224360466003418
P09871,6.940729141235352
Q59825,5.178609848022461
B9A1J7,7.482977867126465
C0IRI2,5.31415319442749
P21396,8.033559799194336
Q10LH0,7.441123962402344
Q27793,6.918111801147461
P0ABJ9,7.429316520690918
B8E1U6,7.406871795654297
Q44492,6.518355369567871
O28778,7.360922813415527
Q5YYQ3,7.176168441772461
D7VBA0,8.274481773376465
G0HQ31,7.715622901916504
E9QYP0,7.993122100830078
U3U992,7.189306259155273
Q0SE24,4.5726213455200195
Q8GR45,7.6887359619140625
Q04609,7.0591535568237305
P96091,7.536535263061523
D2YZL5,3.746946096420288
Q32L40,7.773746490478516
Q51548,7.876650333404541
Q92LF6,6.957089424133301
Q0CQ16,7.39717960357666
E8ZAP2,7.2198166847229
A0R4I6,7.982362747192383
Q00535,6.96044921875
D5DCL0,7.860091686248779
Q55777,7.199060440063477
A0A286S218,8.030896186828613
B9K0V9,7.494413375854492
P48418,7.596828937530518
A9ZND1,6.749030113220215
Q84KI1,7.608273029327393
A0A0K2SQX3,4.9807610511779785
Q1JUL0,5.595425605773926
Q6R7Z5,3.980787515640259
D2RIQ3,7.485721588134766
P27680,7.650289058685303
Q88JP1,8.270556449890137
A5IKD0,5.356717109680176
P22319,7.330949783325195
Q58134,8.02917766571045
Q13126,8.293916702270508
A4UU36,6.138958930969238
A0A191T887,8.008899688720703
E9NR87,7.689948081970215
Q9I4W3,7.8475728034973145
F6L7F5,8.25394058227539
P54577,7.140576362609863
U3KZM8,7.465134620666504
Q9X6R4,7.880767822265625
P30986,5.890347480773926
Q9S5X0,7.433115005493164
V5RE14,6.592402458190918
A0A2U9Q8M3,6.349617958068848
A3MWL6,5.51273775100708
F6IQ86,3.1730685234069824
Q3L6N4,5.3919878005981445
P79208,6.7447662353515625
Q5GHF7,7.4772748947143555
A0A059Q746,6.808310508728027
Q92819,7.061138153076172
Q4H2B4,7.532175064086914
P99159,6.9704437255859375
V9Q624,6.679235458374023
Q4J9M2,3.9793992042541504
E1APH5,8.431394577026367
Q9LDH0,6.852762222290039
U6A566,10.889528274536133
A0SWS3,6.151615619659424
B5U8J7,7.118850231170654
E2G4I9,7.470830917358398
H6WET3,7.511208534240723
P31072,7.864507675170898
Q76FR8,7.75554084777832
A0A286XL02,7.393789291381836
Q5U925,7.921034336090088
B3LF83,6.947802543640137
A0A399G7U0,6.837350845336914
A0A061D1S0,8.194757461547852
Q9JII6,7.410971164703369
A0A2U9GGW3,7.618206024169922
Q90WM1,6.74351692199707
D6RU53,7.254926681518555
Q8MVS0,7.385669231414795
Q97W94,7.491183757781982
Q7WZT5,8.26035213470459
N1Q9R6,8.130622863769531
Q3MUH8,6.580115795135498
O97071,7.490607738494873
Q45NB2,7.588139533996582
P0A870,7.495599746704102
Q147X3,7.649420738220215
Q3Y5A4,7.1683454513549805
P06634,7.143470764160156
W8QRE4,6.517606735229492
Q63159,7.976471900939941
A9YWH8,6.322614669799805
X0M5X0,5.91202449798584
A4UA16,7.237029552459717
P16406,6.900937080383301
C6FJG8,4.896113395690918
Q306W4,7.398378849029541
Q96DE0,8.060296058654785
Q9LA16,6.285372734069824
Q2HQR8,8.097026824951172
Q2U4P3,6.975719928741455
O59445,7.942452907562256
P14489,7.279370307922363
A6Y9U8,4.9147443771362305
P44046,7.634803295135498
Q9LCC5,6.348368167877197
A0A0K2E5X6,7.150168418884277
Q92R47,7.989665985107422
Q9FK25,7.649308681488037
Q6F3I3,7.841757774353027
B2DEV1,7.8234944343566895
G0UZY5,6.452358245849609
Q4DGV2,7.153678894042969
G0SGU4,7.0177001953125
A5XB38,9.914328575134277
P55984,7.33016300201416
B6SBM2,7.469322204589844
Q6RHX7,5.778884410858154
P08303,6.879812240600586
A0A0E4B3N6,8.197294235229492
A0A0H3K9R1,6.980520248413086
Q1HER6,4.975224018096924
Q86D78,5.8223443031311035
A0A1G8DI07,7.492701530456543
Q70G56,7.860150337219238
P23381,7.678033828735352
Q5ZXE1,7.950305938720703
Q8U3K2,8.376958847045898
S8GJB1,7.547911643981934
Q9UUB1,7.608217716217041
Q9DB60,7.570892333984375
Q6XMI1,7.448760509490967
Q9X1V9,6.079905986785889
Q9KPK8,8.003528594970703
Q9CAF2,7.60479736328125
A0A088BCU2,5.31060266494751
A0A3Q1MVP2,7.102564811706543
A9BHI9,7.529277801513672
Q9SPV4,7.604743957519531
P00698,5.686923503875732
P80313,7.980975151062012
P04063,7.318080902099609
Q9K2N0,8.051119804382324
Q9S5E2,7.404888153076172
A0A0A7HLG5,8.100837707519531
Q5U924,7.414727210998535
Q8ILW6,7.425656795501709
P0A9N4,7.501134872436523
A3FQA5,8.945556640625
M9VTY8,7.411072731018066
O66064,6.1839447021484375
P9WNS5,6.927711009979248
K7ZBX8,7.337629795074463
Q05193,7.700173377990723
C3VPJ1,5.6776909828186035
Q02724,7.651991844177246
Q2VPS0,7.096897125244141
P17560,7.188486099243164
O33838,6.475805282592773
Q84NG3,7.58657693862915
A0A1C9V3R4,6.367518424987793
A0A1J4YSL8,7.623960971832275
A9XR52,6.595892906188965
Q9XZT6,7.176412582397461
P12653,7.565999507904053
Q401R6,7.67765998840332
P9WJA1,7.898678779602051
Q53389,8.312764167785645
O87870,7.774500846862793
Q19R72,6.015425682067871
Q9F234,5.947117805480957
O24319,4.063031196594238
A5A5J1,7.859498023986816
P29758,7.512587547302246
Q10RB4,3.5057661533355713
B8YAD0,7.6947479248046875
Q96KN2,7.390289306640625
E9AMH6,5.735794544219971
U3T1K4,8.68930721282959
A0A059VLI3,6.393187522888184
P39669,7.496682167053223
A4UU35,6.796899795532227
P17169,7.841148853302002
Q6EB26,7.954892158508301
B2BZ80,7.257140636444092
Q3SYC2,7.399820327758789
Q8WPJ2,4.797433853149414
V5J3M5,6.353385925292969
A0A286S1Z7,8.059919357299805
Q02745,6.551925182342529
P9WN65,7.503765106201172
C6FWG9,7.997429370880127
P05979,6.834664344787598
Q92AS9,6.181169509887695
Q8YZ99,7.431938171386719
Q4ZFU2,6.833545684814453
P09601,7.441030502319336
Q973H2,7.017268180847168
Q0ZS22,7.521026611328125
P08432,7.712106704711914
Q10714,6.403474807739258
B7XC00,7.590924263000488
Q8GBB2,7.7137298583984375
P27213,7.520082473754883
G1JTZ7,6.903163909912109
F1T2J9,6.942588806152344
O93656,7.343152046203613
A0A2U8ZSD8,6.943511962890625
Q257D4,7.186914443969727
P17987,7.811984539031982
Q9C6D2,7.821141719818115
A0A0C5H8Q7,4.017359256744385
E5LLI1,7.469641208648682
Q8GI16,8.296022415161133
A0A167Z3Z6,7.876696586608887
P15807,7.893596649169922
P80315,7.978745460510254
A6P7M9,7.191746711730957
O67625,8.31578254699707
D3G6S4,7.936402797698975
Q3ZPN4,7.044926643371582
Q9ZV40,5.445268630981445
A3MSD2,7.78548526763916
Q8KTX1,6.4057416915893555
P12154,7.186922550201416
K7ZLA5,7.77286434173584
P11350,7.398553848266602
Q5NLA9,7.176614284515381
P97501,9.093671798706055
Q9H3S4,7.086057662963867
A0A0U1ZF25,7.807485580444336
F5H5G0,7.525307655334473
Q8K4X7,7.037248134613037
P05042,8.00149154663086
P34059,7.046505451202393
Q9L8L8,7.590803146362305
A0A1B1FIW0,7.299530029296875
A0A1A9GS29,7.6073455810546875
Q6WE15,7.115395545959473
Q48296,7.51813268661499
O24421,6.748946189880371
O57935,6.9415483474731445
Q16820,7.129064559936523
Q9DDE3,7.50361442565918
P62368,7.67126989364624
Q97YG7,3.910674571990967
P15531,7.286211013793945
P00598,8.039579391479492
D1CE96,6.7563395500183105
V5ZEQ2,8.167495727539062
A4ISB9,7.556604385375977
O24529,7.693918704986572
D7GXF9,7.306556701660156
Q5DD64,7.465078353881836
D7VEX3,4.464792251586914
F8SUI8,7.477119445800781
P50123,6.926119804382324
Q89E97,8.391804695129395
D3Y5N8,7.053884029388428
A0A191W0D9,7.487869739532471
Q86RB1,8.450160026550293
Q2HQR6,8.146316528320312
F4YTG7,6.262880325317383
B0JDP9,2.8469882011413574
C5H429,7.609472751617432
A0A1B4Z3V0,7.524336814880371
A7L844,4.513004302978516
Q72K29,7.271315574645996
P77690,7.98664665222168
P20971,8.132076263427734
Q6XMH6,7.5670928955078125
Q5XNQ9,4.188232898712158
P95949,7.555678367614746
F6MZ55,8.180365562438965
Q9L4P8,8.262782096862793
I6YG32,8.140748977661133
Q9UH17,7.089755058288574
G9FTP5,4.755256652832031
O74725,7.447175025939941
P48775,8.123695373535156
B4XEK7,6.552046775817871
A5K3U9,7.913615703582764
Q43528,5.200929641723633
C6FWH0,8.108172416687012
O46419,7.90152645111084
P41021,5.301122188568115
Q14DK4,7.399513244628906
Q2I8V6,7.859060287475586
B6CWJ3,7.138912677764893
Q585M6,7.11822509765625
M1WA41,7.196671485900879
P80524,8.146052360534668
P24157,6.881063461303711
D0QU16,4.496890068054199
B6ETP1,7.919190406799316
M9W6G9,7.360258102416992
Q25BW4,6.591833591461182
C1KKR1,7.519162654876709
R9UQG9,6.888510704040527
B6DQK4,7.212146759033203
Q72K04,6.962955474853516
Q96UI5,4.730715274810791
G4RJQ1,6.785411834716797
Q5UPJ7,7.79196834564209
Q4K423,7.020181179046631
E6U5H4,8.710859298706055
Q88L96,7.957937240600586
L7Z147,8.7475004196167
P86453,7.989625453948975
A9TLP4,7.720678806304932
Q03774,7.594571590423584
D8VPP5,6.886809349060059
Q95AJ2,7.707680702209473
A0A481MY41,5.22459602355957
Q57703,7.377521514892578
A0A3G9FT71,7.261913299560547
Q8TSX5,7.634260177612305
Q9A9Z2,7.207218647003174
P09417,7.420397758483887
P9WJ61,7.435600280761719
Q9LBK2,7.658531665802002
C5MR76,7.866423606872559
A5F5Y6,6.631305694580078
P0A7E9,8.035057067871094
Q07993,8.799116134643555
I7FDJ2,8.298444747924805
A0A133Q8U5,8.023677825927734
Q4F6N6,6.527667045593262
O58801,7.45068883895874
Q6QHT8,7.593188285827637
O00095,3.657822608947754
Q2HQR9,8.101869583129883
D2DRC5,6.924709796905518
Q9M066,7.775703430175781
A0A3S6IVW5,7.366557598114014
Q8DPI4,7.927482604980469
Q9ZP04,5.2867431640625
P73322,7.0701189041137695
P29717,4.938712120056152
D2IX45,6.770903587341309
Q5LRT0,8.183364868164062
P04718,7.797320365905762
Q868I5,7.758172988891602
Q0JFI2,7.734313011169434
Q93L51,7.352027893066406
E7FHL9,7.87285852432251
Q9PTN3,6.69102668762207
P03433,7.238526821136475
O84919,8.036776542663574
Q08J23,7.76792573928833
C9K2Z6,7.241419792175293
Q2KIG3,7.93700647354126
Q70I53,8.063011169433594
Q8ILF7,7.46441650390625
Q6PBS3,7.650260925292969
Q8L7S6,5.189943313598633
A8QW53,7.613325119018555
A0A2I4KDZ0,7.596124172210693
A7PQW3,5.732280731201172
C7FFK1,7.2609734535217285
Q764C1,3.9851222038269043
C0WZ89,7.018189430236816
Q9ADE8,7.377168655395508
O22683,6.8588337898254395
Q9FIY1,8.096471786499023
P45395,8.762526512145996
Q5JJ72,8.052679061889648
Q2HQS3,7.918483734130859
Q5CAF4,7.675922393798828
A3MWK6,7.969677448272705
A8HYF7,8.730918884277344
P41814,8.0586519241333
Q9I4G8,8.617110252380371
Q0SH27,7.370571136474609
Q9M4V2,7.359565258026123
P39135,7.210533142089844
H6UWP3,5.186539649963379
Q95PK8,7.146676063537598
Q8U1H4,6.121392250061035
Q58280,7.782559394836426
Q7YS62,7.950200080871582
P9WHV5,6.961095809936523
G4T023,7.5324387550354
P10270,7.331397533416748
P00636,7.823571681976318
T1WWR8,8.162067413330078
A2QR21,4.942513942718506
I3DTN4,7.49677038192749
Q5APF3,7.406257629394531
Q9LE86,7.233889579772949
Q6RH62,7.461263179779053
Q5IS34,6.702119827270508
P35520,7.850940704345703
Q16MV6,8.039351463317871
Q90WM0,7.040450096130371
A0A099D4T8,7.675300598144531
Q5JFV8,8.19619369506836
A0A127JBT0,6.948312759399414
Q4A6S8,7.918557167053223
P37303,7.549445629119873
Q96FI4,6.992094993591309
Q47YG3,7.955026626586914
P23677,7.524147033691406
P57665,7.915750503540039
G3XCK6,7.470089435577393
J9VKS8,7.6218767166137695
A0A068LJN3,8.059561729431152
Q756Z6,8.18691635131836
Q95PK9,8.754718780517578
C7DIA5,7.625819683074951
A0A0A7AN31,7.668337345123291
C9D7S2,7.6654558181762695
Q841V6,5.072263717651367
P07741,7.617491245269775
D0IZN8,7.002571105957031
V6BP73,6.722074508666992
F7J5X4,6.912243843078613
Q9HC16,7.225759983062744
Q9LFG7,6.536484718322754
Q73KK9,8.09408950805664
P00936,7.594964027404785
E7FI45,7.356997489929199
Q2WG72,7.551923751831055
Q5GMP2,7.457810401916504
Q5I7J0,2.9435319900512695
B7T912,7.960879802703857
A1X864,8.702887535095215
P00509,8.076147079467773
Q65N98,7.484174728393555
G7H7Y1,7.3154120445251465
C4LSN1,7.644304275512695
A9AYF3,7.569308280944824
Q0ZS20,8.074052810668945
I3RFR5,7.9605207443237305
Q4F867,7.15755558013916
C1DMP8,7.265313148498535
P0C0X1,8.980392456054688
O82647,6.964183807373047
D4HRL0,4.301115036010742
K4BS77,8.088882446289062
Q4U1A6,8.000459671020508
P9WK21,7.198538780212402
A0A125T1T5,7.666597366333008
P19921,7.532418251037598
Q41376,7.288706302642822
Q46078,7.112429141998291
D6RU55,7.188622951507568
Q5DM89,7.3252763748168945
B3WD16,7.825735569000244
T1T1K2,7.5742058753967285
A7KME9,5.274475574493408
Q9KPJ7,8.184052467346191
O48741,7.386165618896484
P94293,4.303974628448486
C9DRU9,7.871132850646973
G1UII1,8.204227447509766
C9V492,8.289237976074219
Q8R5M5,7.459618091583252
A0A060PQX5,7.7966532707214355
Q70GK8,6.789394378662109
P19254,5.289355278015137
A0A455KZK8,6.839616775512695
Q316W1,7.848525047302246
A0A2I6U1R5,6.369388580322266
Q3HRV6,6.857418060302734
G3MDB2,6.932624816894531
Q6Y656,7.980712413787842
B7ZF08,7.78694486618042
B1NM15,7.3675947189331055
Q9HIA3,7.670971870422363
G3CRD1,9.0375337600708
P33247,7.276486396789551
Q9I8C5,7.189255714416504
O15488,7.534926414489746
P50227,7.925134181976318
Q9CQF9,6.362527847290039
O30144,7.4919209480285645
Q06749,7.357532501220703
O60701,8.684590339660645
A0A3M7JTD4,8.646381378173828
A0A228BX09,5.940677165985107
P29141,8.505762100219727
Q8EMP4,7.562349319458008
B3TNN8,7.547667026519775
Q3ZMA8,5.489748954772949
P24186,7.7565531730651855
Q0PB96,6.7134552001953125
Q8NMD2,6.91519832611084
P62058,7.524029731750488
Q9LJP4,7.178200721740723
P31658,6.770158767700195
A0A1D0BQV8,5.4789814949035645
P15558,6.99324893951416
D9TT09,6.721090793609619
P28248,6.645849227905273
C7C422,7.116827964782715
B6E623,7.5935893058776855
O95749,7.156790256500244
K4BTE6,8.169127464294434
R4UMR3,6.500825881958008
Q1JU59,7.2002363204956055
Q335V9,5.8369221687316895
P54471,7.97325325012207
L7Y8B0,7.882597923278809
O81985,4.738348007202148
A0A6C7EEG6,6.737443923950195
Q3BEM2,7.52705192565918
Q5UY95,7.475324630737305
P10056,5.802371978759766
Q9Y2J8,6.855414390563965
O67572,7.555212020874023
P52097,7.493687629699707
P24806,5.263571262359619
Q8I2B1,6.959150314331055
D4ZTT4,7.936638832092285
Q6ST23,7.883695602416992
L7T8Y9,8.174036979675293
Q27758,7.688320159912109
Q52500,7.902952194213867
Q9HFH0,5.323152542114258
P30711,8.416339874267578
A0A286JZ72,4.428134918212891
Q7DM12,6.953509330749512
A0A0S3WYP3,7.1890106201171875
Q9FN52,7.442002773284912
A0A172WCE4,7.456011772155762
A9V766,8.091615676879883
B2V8E3,7.468154430389404
Q53TZ2,7.898569107055664
C7EX18,7.705880165100098
Q8L7J2,6.376857280731201
A7YN26,6.831307411193848
C0BTD8,5.547607898712158
M1GCP8,5.947208404541016
Q9NY59,8.146783828735352
Q9AXM6,7.7492523193359375
D0EAP3,6.8574676513671875
Q86D28,8.008752822875977
D3GE78,7.740496635437012
Q2I828,8.32044506072998
A7LGL0,6.295390605926514
Q5AJZ3,7.252825736999512
Q91VL8,7.622103691101074
Q96PD7,7.5100531578063965
P94556,8.427623748779297
P80175,6.984001636505127
P16469,8.08515453338623
P21888,8.01487922668457
A0A109P632,7.111154556274414
O32106,8.11845588684082
Q9YGB3,7.777505397796631
P29378,7.230348587036133
Q5JIZ3,7.985206127166748
B6D1W5,6.404463768005371
Q9LD80,8.305126190185547
Q96XN9,7.27665376663208
Q9ZAP8,7.106902122497559
Q9H1B5,6.865838050842285
P10584,9.413569450378418
Q96Y14,8.066505432128906
Q9ZT48,8.18344497680664
A0A0U4MTX7,7.433642387390137
A0A5Q8BPF5,7.570010185241699
P9WJJ7,6.954349517822266
A5UP31,7.796175003051758
P9WKJ1,7.793032169342041
P42738,7.027554988861084
B1PHD3,7.118008136749268
C6L823,6.845582962036133
P32189,7.503714084625244
Q877I5,8.086572647094727
A0A0P1DJE3,7.581714630126953
A0A168KIJ9,3.649628162384033
I2CMF9,6.807692527770996
O67931,7.939849853515625
Q9WYH8,6.987631797790527
Q5W915,7.388666152954102
A0A090B6R9,6.8561859130859375
G0YYC4,7.669609069824219
Q42868,7.514408588409424
Q6A0I4,7.86071252822876
A0A0S2I591,6.911513805389404
P00175,7.256595134735107
Q8IEX1,7.307365894317627
Q8W471,7.5554399490356445
P39956,7.316105842590332
Q6SZP8,8.056160926818848
P80656,7.724157333374023
O50083,7.423371315002441
C0HJ40,7.793680667877197
P34896,7.5063042640686035
A0A4V7TJX0,8.180740356445312
F9VNG5,8.452981948852539
C7SEV1,5.627111434936523
Q96F10,7.645986080169678
Q9RBF2,8.204105377197266
A0A0H2WVX4,8.513571739196777
Q24K62,7.31559944152832
A5IL00,8.012462615966797
P26811,7.473646640777588
A4IQU1,7.7082085609436035
Q0ZR36,5.260314464569092
Q9Y223,7.616071701049805
D5MTT1,7.8192548751831055
Q8J0Q0,5.761831760406494
Q8E927,7.263895034790039
Q6SJ61,7.62773323059082
L8B3Z6,8.860305786132812
Q9UJ83,7.265250205993652
Q6STM1,6.84283447265625
Q9MZS9,7.606147289276123
D5LLN7,7.280703067779541
D3TTH9,6.290017127990723
Q006Q0,7.04862642288208
Q9KVI8,8.739781379699707
Q65DN5,5.809200286865234
Q9AJC6,9.399262428283691
B1B5E3,7.09491491317749
Q5FMB7,7.29735803604126
Q97ZF1,8.19940185546875
O86224,7.667444229125977
Q45NF5,6.956447601318359
A1XG20,7.549652576446533
H9N289,7.368716239929199
E2IHC5,7.516751289367676
Q27Z07,6.904687404632568
Q80Z26,7.1261749267578125
Q4DEJ0,7.236453056335449
Q8FL89,7.994194984436035
D3KVM3,6.899237155914307
P9WQB3,7.634486675262451
Q8H191,7.9682297706604
D5FKJ3,7.490060329437256
Q9XF81,7.551695823669434
B2IZG6,9.060625076293945
P13255,7.702449321746826
Q9NXS2,7.3943281173706055
C5XXT8,8.037137985229492
Q55088,6.425912380218506
Q9S3U8,7.878875732421875
Q9WYB3,7.7020583152771
Q2I6W5,7.136790752410889
P22936,7.500828742980957
P09391,6.726034164428711
Q187D4,7.854970932006836
A8YPP3,4.848390579223633
G7YHN5,7.987305641174316
C7G3B8,6.321985244750977
O49855,4.920258522033691
I3QNS7,6.20919942855835
B1XLK5,7.962128162384033
O34508,6.800727844238281
I3DTM3,8.131301879882812
B0M0V1,7.77818489074707
Q9SYK0,5.199444770812988
P33038,7.3307905197143555
P19265,7.91895055770874
A0A0U3U5E8,8.376420974731445
P30632,7.718484878540039
Q6QGY5,7.149430274963379
P95867,6.365917682647705
A0A1J1EM40,7.568152904510498
P40495,8.102128982543945
Q0GC07,5.37888240814209
P18644,7.361973285675049
Q9F9T3,7.112076759338379
Q97UN3,6.0826497077941895
Q9NRW3,7.1653056144714355
Q9Y7P0,7.709038734436035
A0A1L5IUR2,2.813786029815674
Q8GUE4,7.5078125
P17182,7.249671936035156
P48740,7.001579284667969
Q00985,7.029666423797607
P31343,7.233814239501953
U5JE22,7.372260093688965
F7YTI3,4.375239849090576
Q12463,7.5319929122924805
P12277,9.39059066772461
A0A1C9ZZ39,8.347875595092773
G2RGW4,3.4686999320983887
P42216,9.455631256103516
P40345,7.651096343994141
Q7U4Z9,7.246791362762451
P00751,7.54440975189209
Q0GND9,7.565663814544678
A0A2L2R220,6.840946674346924
G9M5R4,3.8140335083007812
P9WKL1,7.978241443634033
C6L684,5.00590705871582
G1ARD5,7.154135704040527
Q9P6I7,7.367688179016113
Q28653,6.97324275970459
Q9VSM6,7.308728218078613
D4N892,8.098604202270508
A0A0K2GVV7,5.785628318786621
M1VDX3,6.943217754364014
Q9I685,7.292057037353516
Q7K9G0,6.365962028503418
Q5JDJ7,7.056473255157471
P0A9S5,8.094568252563477
Q76L36,8.140670776367188
T1SEU9,6.7653045654296875
Q9R0P9,7.381840705871582
A5YM72,7.313296318054199
A1VMN2,7.466813564300537
Q208S4,5.862102031707764
J7LH11,7.5313401222229
Q05526,7.011768341064453
A0A0H2UN41,7.8126044273376465
A6N8S2,8.207074165344238
F2X2F9,7.639132499694824
Q20CK7,7.407601356506348
Q4U338,7.693546772003174
A0A286K338,9.677952766418457
Q31QK9,8.84366226196289
M4GRS1,5.02996301651001
Q8TP42,8.140798568725586
Q40733,7.19123649597168
Q09LX0,6.952970504760742
A6X7I5,7.576046943664551
Q7WT42,7.3221659660339355
G3KFX4,8.247672080993652
A0A1B1WA14,7.246047019958496
B1HX72,8.809368133544922
Q980D0,7.673361778259277
A0A2H4PKA2,6.1245245933532715
Q9FKB3,7.689562797546387
A0A2I7M6F6,8.202507972717285
P53610,7.113930702209473
Q5SKV8,7.533899784088135
Q8ILT0,7.296117305755615
A9CK16,7.611442565917969
Q9H8P0,7.617758750915527
Q7N6U8,8.330741882324219
A0A0G2R4X7,8.035005569458008
Q7M135,8.472622871398926
P21693,7.460315227508545
Q58428,7.1278181076049805
Q5SH52,7.998495578765869
Q5PRC6,7.378983020782471
Q97U35,7.106168270111084
C4TJD3,8.028388977050781
P50554,7.986820220947266
P48629,7.4536848068237305
Q59IT3,7.781394958496094
Q81W29,8.932562828063965
O29841,7.6429972648620605
B5LX62,6.798886299133301
Q21JW4,6.157299995422363
P06525,7.155569076538086
P00359,8.315936088562012
Q08169,5.7312774658203125
Q9XUS5,7.523111343383789
Q9PF60,5.664513111114502
Q2VAZ3,7.053468227386475
Q964H2,6.70973014831543
Q8IJS1,7.448716163635254
Q59618,7.654211044311523
O24736,7.195486068725586
Q7QF91,6.997698783874512
O95932,7.234898567199707
Q5UB52,8.450700759887695
P42588,8.456602096557617
T1UPN7,7.1857147216796875
A3DIL8,7.30079460144043
P24158,7.9021501541137695
P07941,7.165957450866699
Q8ZKQ6,7.187515735626221
Q3LSM4,8.143780708312988
Q9CA75,6.708927631378174
Q8KZT4,8.558246612548828
A0KL98,9.145124435424805
P95189,8.180392265319824
P98194,7.490169525146484
P0ABN1,7.8690338134765625
A0A291I5R3,6.367668151855469
A8WCU3,7.377978324890137
A4VMZ0,7.650631427764893
P17050,4.321269989013672
C4M2I2,7.100917339324951
A0A143G976,10.272107124328613
P53555,8.703017234802246
A0A221LFZ6,4.2713775634765625
Q90WX1,7.296334743499756
E5F146,6.7576799392700195
Q9KPS2,7.045156478881836
A0A545BBR2,9.036149978637695
Q9Z2A5,7.735236167907715
Q1ENB6,8.106569290161133
S4VCH4,7.837380409240723
U5RZT9,6.164571285247803
A9W9U6,7.230799674987793
O50123,8.21932601928711
H6BG92,7.344053745269775
A0A075B5G4,8.546451568603516
Q6QLL4,7.676684856414795
Q70KY3,4.419499397277832
A8CF65,7.5390167236328125
Q70DK5,6.182457447052002
Q93X46,7.912982940673828
Q9P8H5,5.316854476928711
O96437,7.702399730682373
V9SDP6,7.135221481323242
O48709,7.373469352722168
Q7YT62,7.72278356552124
A4CYJ9,8.172933578491211
Q4W1X2,7.646547794342041
P55211,7.37666130065918
A0A140JW76,7.909008502960205
C0IRI0,5.775424003601074
A0A165QBG6,6.356916427612305
Q9M0B6,7.553145408630371
Q9X6Z2,10.235023498535156
O33707,6.985109329223633
B3VI58,7.49117374420166
Q9KZL0,7.353492736816406
P03697,7.116818904876709
C7FF04,6.589959144592285
O35795,6.854387283325195
O95237,7.348059177398682
O67379,7.516204833984375
Q9LJH5,7.456218242645264
P15334,7.4348225593566895
P94531,5.630072593688965
F4NCC3,7.668178558349609
O93634,8.482547760009766
A0A3Q1MJ30,7.251346588134766
P0A9G6,7.5113372802734375
P55212,7.401788711547852
A3GHR6,7.1753950119018555
C6XY24,6.58106803894043
P51182,7.414262294769287
P43099,6.533792018890381
Q9VRQ9,7.542122840881348
O22975,7.180012226104736
Q6RHY1,5.88461971282959
Q6LFH8,8.077177047729492
Q55145,7.762930870056152
A0A0K2X0F2,7.890376567840576
Q3HL75,7.095989227294922
Q9HXT9,8.013629913330078
C3MC80,7.434307098388672
P77978,7.739938735961914
P21170,7.51436710357666
Q4QEZ7,6.570418834686279
B3GNT7,7.404014587402344
A8CF76,6.58090877532959
P30749,8.026090621948242
Q8BH86,7.495415210723877
Q5E9F2,7.369866371154785
G1EHI3,7.65886926651001
A8INZ7,7.3968186378479
B8YAC9,6.704034805297852
Q88IJ7,8.265568733215332
A0A1L1YPD7,7.559840202331543
F5HPS1,7.85768985748291
Q3L8N0,6.355685234069824
O87872,7.462226390838623
Q3C1A6,7.852238655090332
Q1KLC8,6.5608930587768555
Q59971,7.405368804931641
Q93V61,7.168886184692383
Q53U20,7.288978576660156
B6UYJ2,7.0009307861328125
O00767,7.381777286529541
P79074,5.137353897094727
C0LZJ6,6.74296760559082
Q6Q271,7.959323406219482
P98060,7.519016265869141
Q8NQE1,7.653824806213379
D8KIT5,8.268596649169922
P95868,6.258379936218262
Q57872,6.995206356048584
A0A141NXG8,6.800353527069092
Q7X2D3,7.709018707275391
A0A120MXM3,7.619509696960449
P26997,7.771698951721191
Q93EN4,6.5819220542907715
W8DVW0,8.376579284667969
A0A0C5QH30,7.39537239074707
P18440,7.015893936157227
U5XYA0,7.7977166175842285
Q8PYZ8,7.848019123077393
Q9C1S7,5.127684593200684
Q9RJ84,7.398134708404541
D3GGN3,4.661587238311768
Q94F00,7.824091911315918
Q9NY33,8.061300277709961
P20960,7.472012996673584
Q80A54,6.3790764808654785
O73939,7.686934471130371
Q9QZL2,6.874971866607666
